{
  "mode": "eye_to_hand",
  "euler_order": "ZYZ",
  "num_samples": 10,
  "methods": {
    "TSAI": {
      "R_cam2base": [
        [
          0.0011481868321241429,
          0.9034483589856984,
          -0.428695398054431
        ],
        [
          0.999831781931981,
          -0.008884626969714482,
          -0.016045910454960732
        ],
        [
          -0.018305450164312592,
          -0.4286048600397079,
          -0.9033065838598899
        ]
      ],
      "t_cam2base_m": [
        0.748254683404749,
        -0.02565031141341284,
        0.7891763666461898
      ]
    },
    "PARK": {
      "R_cam2base": [
        [
          0.0006163789287175481,
          0.9038827614446425,
          -0.42777981911284946
        ],
        [
          0.999799946512378,
          -0.009109274972620249,
          -0.01780696670741655
        ],
        [
          -0.01999217424048927,
          -0.4276832644290393,
          -0.903707551310964
        ]
      ],
      "t_cam2base_m": [
        0.7485614032097964,
        -0.02535625441734412,
        0.7889847283085812
      ]
    },
    "HORAUD": {
      "R_cam2base": [
        [
          0.0006475585174654588,
          0.9038586147135229,
          -0.4278307904722568
        ],
        [
          0.9997992021479573,
          -0.009153945803478385,
          -0.017825842491541594
        ],
        [
          -0.020028381169548942,
          -0.42773333969235616,
          -0.9036830495607115
        ]
      ],
      "t_cam2base_m": [
        0.7485639888617422,
        -0.02537132783356598,
        0.788972375380947
      ]
    },
    "DANIILIDIS": {
      "R_cam2base": [
        [
          2.5574462595219505e-05,
          0.9050303594879873,
          -0.42534697336526456
        ],
        [
          0.9998031032134241,
          -0.008463402943160718,
          -0.01794785824071024
        ],
        [
          -0.01984323942187355,
          -0.42526276490619996,
          -0.9048523783654325
        ]
      ],
      "t_cam2base_m": [
        0.7529712369599948,
        -0.026734393207046958,
        0.7982821162222762
      ]
    }
  },
  "primary_method": "TSAI",
  "R_cam2base": [
    [
      0.0011481868321241429,
      0.9034483589856984,
      -0.428695398054431
    ],
    [
      0.999831781931981,
      -0.008884626969714482,
      -0.016045910454960732
    ],
    [
      -0.018305450164312592,
      -0.4286048600397079,
      -0.9033065838598899
    ]
  ],
  "t_cam2base_m": [
    0.748254683404749,
    -0.02565031141341284,
    0.7891763666461898
  ],
  "residual_mm": {
    "mean_mm": 2.667365610763583,
    "max_mm": 5.567362222995513,
    "board_origin_in_gripper_mean_m": [
      0.01932596821984583,
      0.08311118901050572,
      0.32064934279283486
    ]
  },
  "created_at": "2026-07-13T18:21:51"
}