{
  "mode": "eye_to_hand",
  "euler_order": "ZYZ",
  "num_samples": 20,
  "methods": {
    "TSAI": {
      "R_cam2base": [
        [
          0.040125816092519306,
          0.9275550600444042,
          -0.3715259472350896
        ],
        [
          0.9991718668630496,
          -0.034737950776871473,
          0.021186204125132585
        ],
        [
          0.006745320772017366,
          -0.3720683880173711,
          -0.9281808095871393
        ]
      ],
      "t_cam2base_m": [
        0.7381145322826521,
        -0.025287603168865636,
        0.7949431090682137
      ]
    },
    "PARK": {
      "R_cam2base": [
        [
          0.03390937730216251,
          0.9296586934940808,
          -0.3668581030069506
        ],
        [
          0.999226718594713,
          -0.03884591786562849,
          -0.006079433494933159
        ],
        [
          -0.019902737937831372,
          -0.3663682686533538,
          -0.9302570465986923
        ]
      ],
      "t_cam2base_m": [
        0.7391601132251411,
        -0.01715399085650396,
        0.7956674513902577
      ]
    },
    "HORAUD": {
      "R_cam2base": [
        [
          0.033742229926991545,
          0.9296477272200496,
          -0.36690130170680746
        ],
        [
          0.9992343208266357,
          -0.038654822242043814,
          -0.006047875624358101
        ],
        [
          -0.019804898426545287,
          -0.3664163042115235,
          -0.9302402152166298
        ]
      ],
      "t_cam2base_m": [
        0.7391677732379469,
        -0.017174913104050837,
        0.7956598967685962
      ]
    },
    "DANIILIDIS": {
      "R_cam2base": [
        [
          0.03363883385569312,
          0.9293156917969784,
          -0.3677509671458833
        ],
        [
          0.9992369944236005,
          -0.03857923008757845,
          -0.006088676468570892
        ],
        [
          -0.019845851760968536,
          -0.3672655551310974,
          -0.9299043790530982
        ]
      ],
      "t_cam2base_m": [
        0.7427221400866385,
        -0.02047900061159369,
        0.8050417891755447
      ]
    }
  },
  "primary_method": "TSAI",
  "R_cam2base": [
    [
      0.040125816092519306,
      0.9275550600444042,
      -0.3715259472350896
    ],
    [
      0.9991718668630496,
      -0.034737950776871473,
      0.021186204125132585
    ],
    [
      0.006745320772017366,
      -0.3720683880173711,
      -0.9281808095871393
    ]
  ],
  "t_cam2base_m": [
    0.7381145322826521,
    -0.025287603168865636,
    0.7949431090682137
  ],
  "residual_mm": {
    "mean_mm": 6.089059749935913,
    "max_mm": 20.08152614035834,
    "board_origin_in_gripper_mean_m": [
      0.016022153759631626,
      0.10179220317949464,
      0.29146172807285087
    ]
  },
  "hand_eye_backend": "opencv",
  "created_at": "2026-07-15T15:20:35"
}